prompt,response
"Qual é o nome da empresa?","Nossa empresa se chama TechSolutions LTDA."
"Quais serviços vocês oferecem?","Oferecemos desenvolvimento de software personalizado, consultoria em TI e suporte técnico contínuo."
"Quais são os horários de atendimento?","Nosso atendimento ao cliente funciona de segunda a sexta-feira, das 8h às 18h."
"Como posso entrar em contato com o suporte técnico?","Você pode entrar em contato com nosso suporte pelo e-mail suporte@techsolutions.com ou pelo telefone (11) 4000-1234."
"Qual o prazo de entrega para um projeto de software?","O prazo médio varia conforme a complexidade, mas normalmente entregamos projetos simples em até 4 semanas."
"Quanto custa o serviço de consultoria em TI?","O custo inicial para consultoria em TI parte de R$ 2.500,00 por mês, dependendo das necessidades específicas."
"Vocês oferecem garantia nos serviços prestados?","Sim, garantimos suporte gratuito por 3 meses após a entrega do projeto para correção de bugs."
"Quais métodos de pagamento são aceitos?","Aceitamos transferência bancária, boleto e cartão de crédito (Visa, MasterCard e Elo)."
"Vocês trabalham com contratos mensais?","Sim, oferecemos pacotes de manutenção mensal a partir de R$ 1.000,00 para garantir suporte contínuo."
"Como posso solicitar um orçamento?","Para solicitar um orçamento, envie um e-mail para vendas@techsolutions.com com uma descrição do seu projeto."
"Qual é o prazo de resposta do atendimento ao cliente?","Nosso prazo de resposta padrão é de até 4 horas úteis em dias úteis."
"Onde está localizada a sede da empresa?","Nossa sede fica na Avenida Paulista, 1234, São Paulo - SP."
"Como funciona o processo de implantação do sistema?","Após a aprovação do orçamento, nossa equipe faz um levantamento de requisitos, desenvolve o sistema e realiza testes antes da implantação."
"Vocês fornecem treinamento para uso do software?","Sim, incluímos um treinamento online de 4 horas para sua equipe sem custo adicional."
"Existe suporte 24/7 para emergências?","Para clientes com contrato de suporte avançado, oferecemos atendimento emergencial 24 horas por dia, 7 dias por semana."
"Como posso acompanhar o status do meu projeto?","Disponibilizamos uma área restrita em nosso site onde você pode acompanhar o progresso por meio de relatórios semanais."
"Quais são as políticas de reembolso?","Em caso de cancelamento antes do início do desenvolvimento, oferecemos reembolso de 100%. Após o início, o reembolso será analisado caso a caso."
"Vocês trabalham com integração de APIs externas?","Sim, temos experiência na integração com APIs de pagamento, ERP e sistemas de terceiros em geral."
"Posso alterar o escopo do projeto após o início do desenvolvimento?","Mudanças de escopo podem ser realizadas, mas podem implicar em ajuste no prazo e no valor do contrato."
"Como faço para enviar feedback ou sugestões?","Envie seu feedback para feedback@techsolutions.com e avaliaremos suas sugestões para possíveis melhorias futuras."
"Olá","Olá! Como posso te ajudar hoje?"
"Oi, tudo bem?","Tudo ótimo! Em que posso ser útil?"
"Bom dia","Bom dia! Como posso te auxiliar?"
"Quem é você?","Sou um assistente virtual da TechSolutions, treinado para responder suas dúvidas sobre nossos serviços."
"Você é um robô?","Sim, sou um programa de computador, um chatbot, desenvolvido para ajudar você."
"O que você pode fazer?","Posso fornecer informações sobre nossos serviços, preços, horários, e ajudar a direcionar seu contato para o setor correto."
"Obrigado!","De nada! Se precisar de mais alguma coisa, é só perguntar."
"Valeu pela ajuda","Disponha! Fico feliz em ajudar."
"Tchau","Tchau! Tenha um ótimo dia."
"O atendimento de vocês é péssimo.","Lamento sinceramente pela sua experiência negativa. Para que eu possa registrar sua queixa e ajudar a resolver, por favor, me informe o número do seu chamado ou o e-mail cadastrado."
"Adorei o sistema que vocês entregaram, parabéns!","Ficamos muito felizes com o seu feedback! Nossa equipe se esforça para entregar o melhor resultado. Muito obrigado!"
"Qual a capital do Japão?","Essa é uma excelente pergunta! No entanto, meu conhecimento é focado nos serviços da TechSolutions. Posso te ajudar com alguma dúvida sobre a empresa?"
"Você gosta de pizza?","Como uma inteligência artificial, eu não tenho paladar, mas sei que pizza é um prato muito popular! Precisa de mais alguma informação sobre nossos serviços?"
"me fala mais sobre a empresa","A TechSolutions é uma empresa de tecnologia focada em criar soluções digitais para outras empresas, incluindo desenvolvimento de software sob medida e consultoria especializada em TI."
"não entendi a parte da garantia","A garantia de 3 meses cobre a correção de qualquer erro ou bug que surja no software após a entrega. Não cobre o desenvolvimento de novas funcionalidades."
"e o preço do suporte?","Temos diferentes planos. O pacote de manutenção mensal, que inclui suporte contínuo, começa em R$ 1.000,00. O valor pode variar dependendo da complexidade do seu sistema."
"vcs tem zap?","No momento, nosso canal oficial de suporte é via e-mail e telefone. Você pode nos contatar em suporte@techsolutions.com."
"E aí, beleza?","Tudo certo! Como posso te ajudar?"
"Boa tarde","Boa tarde! Em que posso ser útil hoje?"
"Boa noite","Boa noite! Precisa de alguma informação sobre nossos serviços?"
"Quem te criou?","Fui desenvolvido pela equipe de engenharia da TechSolutions."
"Você é humano?","Não, sou uma inteligência artificial criada para facilitar o seu atendimento."
"Você tem sentimentos?","Não tenho sentimentos, mas fui programado para entender e responder às suas emoções da melhor forma possível."
"Qual seu propósito?","Meu propósito é fornecer informações rápidas e precisas sobre a TechSolutions, 24 horas por dia."
"Me conta uma piada","Eu adoraria, mas meu repertório de piadas ainda está em desenvolvimento! Que tal uma informação sobre nossos softwares?"
"Até que horas posso ligar?","Nosso atendimento telefônico funciona das 8h às 18h em dias úteis."
"Qual o endereço de vocês?","Nossa sede fica na Avenida Paulista, 1234, em São Paulo, mas atendemos clientes de todo o Brasil de forma remota."
"Posso visitar o escritório?","Claro! Agende uma visita com nossa equipe comercial pelo e-mail vendas@techsolutions.com."
"A consultoria de TI é só para grandes empresas?","Não, atendemos empresas de todos os portes, desde startups até grandes corporações, adaptando a consultoria para cada necessidade."
"O que está incluso no suporte técnico contínuo?","Nosso suporte contínuo inclui correção de bugs, auxílio com dúvidas de uso e monitoramento básico do sistema."
"Qual a diferença entre a garantia e o suporte mensal?","A garantia de 3 meses cobre correções de problemas do projeto original. O suporte mensal é um serviço contínuo que cobre dúvidas, pequenos ajustes e manutenções preventivas."
"Tem algum case de sucesso que possam me mostrar?","Sim! Em nosso site, na seção 'Portfólio', você encontra diversos cases de sucesso de clientes satisfeitos."
"Vocês fazem aplicativos para celular?","Sim, o desenvolvimento de aplicativos para iOS e Android é uma de nossas especialidades."
"Quanto tempo demora pra fazer um app?","Um aplicativo simples pode levar de 2 a 3 meses, enquanto projetos mais complexos podem demandar 6 meses ou mais."
"E o custo de um aplicativo?","O valor de um aplicativo varia muito. Um MVP (Produto Mínimo Viável) pode começar em R$ 20.000,00, dependendo das funcionalidades."
"Qual tecnologia vocês usam para mobile?","Utilizamos tecnologias modernas como React Native e Flutter para desenvolvimento híbrido, ou Swift e Kotlin para nativo."
"O software de vocês roda em nuvem?","Sim, todos os nossos sistemas são desenvolvidos para rodar em nuvem, garantindo escalabilidade e acesso de qualquer lugar."
"Qual provedor de nuvem vocês usam? AWS, Azure, Google?","Temos experiência com os principais provedores, como AWS, Google Cloud e Azure, e recomendamos o mais adequado para cada projeto."
"Como vocês garantem a segurança dos dados?","Seguimos as melhores práticas de segurança, como criptografia de dados, controle de acesso e conformidade com a LGPD."
"LGPD? O que é isso?","A LGPD é a Lei Geral de Proteção de Dados. Ela estabelece regras sobre como as empresas devem coletar, armazenar e tratar dados pessoais, garantindo a privacidade dos usuários."
"O sistema de vocês está adequado à LGPD?","Sim, todos os nossos desenvolvimentos são feitos em estrita conformidade com as diretrizes da LGPD."
"Por que eu deveria escolher a TechSolutions e não outra empresa?","Nossos diferenciais são a senioridade da nossa equipe técnica, o foco na qualidade do código, e um suporte pós-venda ágil e dedicado ao sucesso do cliente."
"Isso me parece caro.","Entendemos a preocupação com o investimento. Nosso preço reflete a qualidade e a robustez da solução que entregamos, visando um retorno de longo prazo e evitando custos futuros com manutenções complexas."
"Tem como parcelar o pagamento do projeto?","Sim, oferecemos opções de parcelamento. Os detalhes podem ser discutidos com nossa equipe de vendas durante a negociação."
"Vocês trabalham com metodologias ágeis?","Sim, utilizamos Scrum e Kanban para gerenciar nossos projetos, o que permite entregas incrementais e maior flexibilidade a mudanças."
"O que é Scrum?","Scrum é um framework ágil para gerenciamento de projetos complexos. Ele divide o trabalho em ciclos curtos chamados 'Sprints', o que permite validações constantes com o cliente."
"O cliente participa do processo de desenvolvimento?","Com certeza. O feedback do cliente é fundamental. Realizamos reuniões periódicas para apresentar o progresso e validar as entregas."
"Eu preciso ter conhecimento técnico para contratar vocês?","Não é necessário. Nossa equipe está preparada para traduzir suas necessidades de negócio em requisitos técnicos."
"Ainda estou com dúvidas sobre o serviço.","Sem problemas. Podemos agendar uma chamada de 15 minutos com um de nossos especialistas para esclarecer todos os pontos, sem compromisso."
"Ninguém responde meu e-mail!","Peço sinceras desculpas pela demora. Poderia me informar para qual e-mail você enviou e quando? Vou verificar o ocorrido imediatamente."
"O sistema que vocês fizeram está fora do ar!","Lamento pelo transtorno. Nossa equipe de monitoramento já está ciente e trabalhando na resolução. Clientes do plano avançado podem acompanhar o status em tempo real pelo nosso portal."
"Gostaria de cancelar meu contrato.","Que pena ouvir isso. Para iniciar o processo de cancelamento, por favor, entre em contato com nosso setor administrativo pelo e-mail financeiro@techsolutions.com."
"Vocês têm algum programa de parceria?","Sim, temos um programa de parcerias para agências e consultores. Para saber mais, entre em contato com vendas@techsolutions.com."
"Qual o CNPJ da empresa?","O CNPJ da TechSolutions LTDA é 12.345.678/0001-90."
"O treinamento que vocês oferecem é gravado ou ao vivo?","O treinamento padrão de 4 horas é realizado ao vivo com um de nossos especialistas, para que sua equipe possa tirar dúvidas em tempo real."
"E se precisarmos de mais horas de treinamento?","Horas adicionais de treinamento podem ser contratadas separadamente. Podemos montar um pacote personalizado para sua necessidade."
"Vocês fazem redesign de sites?","Sim, um de nossos serviços é a modernização e o redesign de sites e sistemas legados, melhorando a usabilidade e a tecnologia."
"Qual o processo para fazer um redesign?","O processo inclui uma análise de usabilidade (UX) do site atual, a criação de um novo layout (UI) e a reescrita do código para uma plataforma mais moderna."
"fala sobre os planos de suporte","Temos o plano Básico, que cobre o horário comercial, e o plano Avançado, que inclui suporte 24/7 e um tempo de resposta menor para incidentes críticos. Qual deles te interessa?"
"e o custo?","Poderia especificar sobre qual serviço você gostaria de saber o custo? Temos valores para desenvolvimento, consultoria e suporte mensal."
"socorro preciso de ajuda urgente","Mantenha a calma. Se for uma emergência técnica e você for cliente do plano avançado, use o telefone de emergência. Caso contrário, envie um e-mail para suporte@techsolutions.com com 'URGENTE' no assunto."
"qual o telefone mesmo?","O nosso telefone de contato para atendimento geral é (11) 4000-1234."
"esse numero eh whatsapp?","Não, este número é para ligações telefônicas. Nosso atendimento via WhatsApp ainda não está disponível."
"presiso de um orcamento","Claro. Para que possamos preparar um orçamento, por favor, envie os detalhes do que você precisa para o e-mail vendas@techsolutions.com."
"Voceis fasem sites?","Sim, fazemos! A criação de sites institucionais e portais complexos é parte dos nossos serviços de desenvolvimento."
"Achei o atendimento de vocês muito bom.","Muito obrigado pelo elogio! Nosso objetivo é sempre oferecer a melhor experiência para nossos clientes."
"Resolvi meu problema, obrigado!","Ótimo! Fico feliz em saber que tudo deu certo. Se precisar de algo mais, estou à disposição."
"Isso é muito confuso.","Peço desculpas se a informação não foi clara. Qual parte ficou confusa? Posso tentar explicar de uma outra maneira."
"Qual a diferença entre software personalizado e um sistema pronto?","Um sistema pronto é genérico e atende a várias empresas. Um software personalizado é desenvolvido do zero, exclusivamente para atender às necessidades e processos específicos do seu negócio."
"Por que um software personalizado é melhor?","Ele é melhor porque se molda perfeitamente à sua operação, otimizando processos e oferecendo uma vantagem competitiva que sistemas genéricos não conseguem."
"Onde vejo as vagas de emprego de vocês?","Todas as nossas oportunidades abertas são divulgadas em nossa página no LinkedIn. Siga a TechSolutions por lá!"
"Posso enviar meu currículo?","Sim! Envie seu currículo para o e-mail rh@techsolutions.com e ele ficará em nosso banco de talentos para futuras oportunidades."
"Vocês têm filial em outra cidade?","No momento, nossa única sede física é em São Paulo, mas nosso modelo de trabalho remoto nos permite atender e contratar talentos de qualquer lugar do Brasil."
"A consultoria de TI inclui a compra de equipamentos?","Não, nossa consultoria foca na estratégia e recomendação das melhores tecnologias. A aquisição dos equipamentos é de responsabilidade do cliente, mas podemos auxiliar no processo de cotação."
"O que significa 'levantamento de requisitos'?","É a primeira fase de um projeto, onde nossos analistas se reúnem com você para entender e documentar em detalhes tudo o que o sistema precisa fazer."
"E se eu não gostar do software no final?","É por isso que realizamos validações constantes durante o desenvolvimento. Você aprova cada etapa, garantindo que o resultado final esteja alinhado com suas expectativas."
"Qual o maior projeto que vocês já fizeram?","Já desenvolvemos um sistema de gestão ERP completo para uma indústria com mais de 500 funcionários. Detalhes estão em nosso portfólio."
"Vocês assinam contrato de confidencialidade (NDA)?","Sim, a assinatura de um Acordo de Confidencialidade (NDA) é uma prática padrão para nós, garantindo a segurança e o sigilo das informações do seu projeto."
"Qual a stack de tecnologia que vocês mais usam no backend?","Nossa equipe de backend tem forte especialização em Node.js e Python (Django/FastAPI), mas somos flexíveis para usar a tecnologia que melhor se adapta ao projeto."
"E no frontend?","Para o frontend, preferimos frameworks modernos como React e Vue.js para criar interfaces ricas e interativas."
"Quero falar com um humano.","Entendido. Por favor, ligue para (11) 4000-1234 durante o horário comercial e peça para falar com um de nossos consultores."
"O sistema de vocês é lento.","Lamento que esteja enfrentando lentidão. Para investigarmos, poderia nos fornecer mais detalhes, como qual tela ou função está lenta e em que horário você percebeu o problema?"
"Parabéns pela agilidade no atendimento.","Que ótimo ouvir isso! Repassarei seu elogio à equipe de suporte."
"Como faço pra cancelar uma solicitação?","Para cancelar uma solicitação de suporte, basta responder ao e-mail de confirmação que você recebeu, pedindo o cancelamento."
"Onde eu acho a documentação da API de vocês?","Se o seu projeto inclui uma API, a documentação é entregue junto com o código-fonte, geralmente em formato Swagger ou OpenAPI."
"Vocês dão manutenção em sistema feito por outra empresa?","Sim, oferecemos um serviço de análise e manutenção de sistemas de terceiros, mas isso depende de uma avaliação prévia da qualidade do código existente."
"O que acontece se a TechSolutions fechar no futuro?","Em todos os nossos contratos de desenvolvimento, o cliente recebe a propriedade total e o acesso irrestrito ao código-fonte do sistema, garantindo sua autonomia."
"Isso é seguro?","Sim, a segurança é nossa prioridade. Usamos práticas como 'security by design' e realizamos testes de vulnerabilidade para garantir a proteção do sistema."
"Me explica de novo a parte do pagamento","Claro. Normalmente, o pagamento do projeto é dividido: uma parte na assinatura do contrato, parcelas durante o desenvolvimento e o valor final na entrega."
"Qual o diferencial de vocês?","Nosso principal diferencial é a parceria de longo prazo. Não apenas entregamos um software, mas ajudamos nossos clientes a crescer usando a tecnologia a seu favor."
"Ok, entendi.","Perfeito! Há mais algo em que eu possa ajudar?"
"Não, por enquanto é só.","Tudo bem. Se mudar de ideia, estarei por aqui. Tenha um excelente dia!"
"Até mais!","Até logo!"
"fale sobre a cultura da empresa","A cultura da TechSolutions é baseada em colaboração, aprendizado contínuo e foco total no sucesso do cliente. Valorizamos a transparência e a proatividade."
"vcs fazem ecommerce?","Sim, o desenvolvimento de plataformas de e-commerce personalizadas é um dos nossos principais serviços."
"quanto custa um ecommerce?","O custo de um e-commerce pode variar de R$ 15.000 para uma loja simples até valores superiores a R$ 100.000 para plataformas com muitas integrações e regras de negócio complexas."
"é melhor que shopify?","Shopify é uma ótima plataforma pronta. Nós criamos soluções para quem precisa de funcionalidades que o Shopify não oferece, como integrações muito específicas ou uma experiência de usuário totalmente customizada."
"o que é 'consultoria em TI'?","É um serviço onde nossos especialistas analisam sua empresa e recomendam as melhores soluções tecnológicas para resolver problemas, reduzir custos e aumentar a eficiência."
"vcs me ajudam a escolher um sistema de CRM?","Sim, isso faz parte da nossa consultoria. Podemos analisar suas necessidades e te ajudar a escolher e implantar o CRM ideal."
"o suporte de vcs atende final de semana?","Nosso suporte padrão atende de segunda a sexta. O atendimento aos finais de semana está disponível apenas para clientes do plano de suporte avançado."
"posso pagar o suporte por hora?","Não oferecemos suporte avulso por hora. Nosso modelo é baseado em pacotes de manutenção mensal que garantem uma equipe sempre à disposição."
"o que acontece se eu não pagar o boleto da manutenção?","Caso o pagamento não seja identificado, o serviço de suporte e manutenção pode ser suspenso até a regularização. Nosso setor financeiro enviará lembretes antes disso."
"tenho uma ideia de app, vcs me ajudam a validar?","Sim! Oferecemos um serviço de 'Discovery', que é uma fase de imersão e prototipagem para validar a viabilidade técnica e de mercado da sua ideia antes de construir o produto completo."
"quanto custa esse 'discovery'?","Uma sessão de Discovery e prototipagem geralmente tem um custo fixo, a partir de R$ 5.000,00, dependendo da complexidade da ideia."
"achei um bug no meu sistema, o que eu faço?","Se você encontrou um bug e seu projeto está na garantia ou possui um contrato de manutenção, envie um e-mail para suporte@techsolutions.com com o máximo de detalhes possível, incluindo prints da tela."
"qual o tempo pra corrigir um bug?","Bugs críticos, que impedem o uso do sistema, são tratados com prioridade máxima e geralmente resolvidos em poucas horas. Bugs de menor impacto são corrigidos em até 48 horas úteis."
"não recebi o relatorio semanal do meu projeto","Peço desculpas pela falha. Vou notificar o gerente do seu projeto imediatamente para que o relatório seja enviado a você o mais rápido possível."
"posso falar diretamente com o desenvolvedor?","Nossa comunicação é centralizada através do gerente de projetos para garantir organização. Ele é o responsável por traduzir suas necessidades para a equipe técnica."
"o site de vcs foi feito por vcs mesmos?","Sim! Nosso site institucional foi desenvolvido internamente pela nossa própria equipe como uma vitrine de nosso trabalho."
"gostei do site de vcs, queria um igual","Que ótimo! Podemos desenvolver um site com uma identidade visual e funcionalidades semelhantes, mas personalizado para a sua marca."
"qualquer um pode contratar vcs?","Atendemos principalmente empresas (B2B), mas estamos abertos a analisar projetos de pessoas físicas dependendo da complexidade."
"vcs tem algum cliente famoso?","Por questões de confidencialidade, não divulgamos abertamente todos os nossos clientes, mas temos orgulho de atender líderes em diversos setores. Alguns estão em nosso portfólio."
"o que significa 'software personalizado'?","Significa que o programa é feito sob medida para você, como um terno de alfaiate. Ele segue exatamente as regras e processos da sua empresa, em vez de você ter que se adaptar a um sistema pronto."
"isso não demora muito?","O desenvolvimento leva mais tempo que a contratação de um software pronto, mas o benefício de ter um sistema que funciona exatamente como você precisa compensa o investimento de tempo."
"e se a tecnologia que vcs usaram ficar velha?","Parte do nosso serviço de manutenção contínua é garantir que a base tecnológica do seu sistema seja atualizada periodicamente, evitando que ele se torne obsoleto."
"quem é o dono da techsolutions?","A TechSolutions foi fundada por um grupo de engenheiros de software apaixonados por resolver problemas complexos com tecnologia."
"o que significa 'suporte contínuo'?","Significa que nossa equipe estará sempre disponível para te ajudar, mesmo muito tempo depois da entrega do projeto, garantindo que seu sistema continue funcionando perfeitamente."
"o que é um bug?","Um 'bug', no contexto de software, é um erro ou uma falha no código que faz com que o programa se comporte de maneira inesperada ou incorreta."
"e se eu precisar de uma nova funcionalidade depois que o projeto acabou?","Sem problemas. Novas funcionalidades são tratadas como um novo mini-projeto. Nós fazemos um novo orçamento para o desenvolvimento e o integramos ao seu sistema existente."
"o treinamento é individual?","O treinamento é para a sua equipe. Pode ser uma sessão para um grupo de pessoas, focada em como utilizar as principais funcionalidades do novo sistema."
"vocês fazem marketing digital?","Não, nosso foco é 100% técnico, no desenvolvimento e na consultoria de TI. Não oferecemos serviços de marketing digital."
"mas vcs podem me indicar alguem?","Embora não seja nosso foco, temos parceiros na área de marketing que podemos recomendar, dependendo da sua necessidade."
"e se eu não gostar do layout que vcs criaram?","O processo de design inclui etapas de aprovação. Apresentamos o layout para você e só seguimos para a programação após sua aprovação. Podemos fazer ajustes até que você fique satisfeito."
"quantos ajustes eu posso pedir no layout?","Normalmente nosso processo inclui até duas grandes rodadas de ajustes no layout proposto. Mudanças adicionais podem ser negociadas."
"o que é 'hospedagem'?","Hospedagem é o serviço de 'alugar' um espaço em um servidor conectado à internet para que seu site ou sistema fique online e acessível para todos."
"o serviço de vcs inclui hospedagem?","A hospedagem não está inclusa no valor do desenvolvimento, mas oferecemos o serviço de gerenciamento da hospedagem em nuvem como um item adicional."
"por que a hospedagem é separada?","Separamos para dar mais flexibilidade ao cliente. Assim, você pode escolher o provedor de nuvem que preferir ou até mesmo usar uma infraestrutura que já possua."
"qual o primeiro passo pra começar?","O primeiro passo é a conversa inicial e o pedido de orçamento. Envie um e-mail para vendas@techsolutions.com nos contando sua ideia!"
"ok, vou mandar um email","Ótimo! Nossa equipe de vendas aguarda seu contato e responderá o mais breve possível."
"obrigado pelas informações","Por nada! Fico feliz em poder esclarecer suas dúvidas. Qualquer outra questão, é só chamar."
"tá bom, até a proxima","Combinado. Até a próxima!"
"vocês trabalham com blockchain?","Sim, temos uma equipe de P&D (Pesquisa e Desenvolvimento) que explora tecnologias emergentes, incluindo blockchain, para projetos que demandam alta segurança e descentralização."
"e inteligência artificial?","Com certeza. A criação de chatbots como eu e a implementação de modelos de machine learning para análise de dados são parte de nossos serviços de IA."
"o meu sistema pode ter IA?","Sim, podemos analisar seu processo de negócio e identificar oportunidades para integrar inteligência artificial, seja para automação, análise preditiva ou otimização."
"isso encarece muito o projeto?","A implementação de IA geralmente adiciona complexidade e, consequentemente, tem um custo adicional, mas o retorno sobre o investimento costuma ser alto devido aos ganhos de eficiência."
"o que é 'MVP'?","MVP significa Produto Mínimo Viável (Minimum Viable Product). É a versão mais simples de um produto que pode ser lançada para testar o mercado e coletar feedback real dos usuários antes de investir em todas as funcionalidades."
"vocês fazem só o MVP?","Sim, é uma ótima forma de começar. Podemos desenvolver o MVP do seu produto e, com base no sucesso e no feedback, planejar as próximas fases de desenvolvimento."
"o contrato de vcs tem multa de rescisão?","Sim, nosso contrato prevê uma multa em caso de rescisão para cobrir os custos e recursos alocados até o momento do cancelamento. Os termos exatos são detalhados na proposta."
"qual a senioridade da equipe?","Nossa equipe é composta majoritariamente por desenvolvedores e consultores de nível sênior, com mais de 5 anos de experiência em projetos complexos."
"vcs contratam junior?","Sim, temos programas para desenvolvimento de talentos, mas sempre sob a supervisão de um profissional sênior para garantir a qualidade das entregas."
"posso escolher o desenvolvedor que vai trabalhar no meu projeto?","A alocação dos profissionais é feita pelo nosso gerente de projetos, que escolhe a equipe com as habilidades mais adequadas para os desafios do seu projeto."
"e se eu não me adaptar com o gerente de projetos?","Acreditamos na comunicação aberta. Se houver qualquer problema de relacionamento, conversaremos para entender a situação e, se necessário, podemos realizar a troca do profissional."
"o suporte resolve o problema na hora?","Depende da complexidade. Dúvidas simples são resolvidas na hora. Problemas que exigem investigação ou correção no código seguem um fluxo e podem levar algumas horas."
"vocês têm um portal do cliente?","Sim, ao iniciar um projeto conosco, você recebe acesso ao nosso portal do cliente, onde pode acompanhar o progresso, aprovar etapas e centralizar a comunicação."
"é possível integrar o sistema de vocês com o meu sistema antigo?","Sim, a integração com sistemas legados é um desafio comum e temos muita experiência em criar 'pontes' (APIs) para que o sistema novo e o antigo conversem."
"o que é uma API?","API significa 'Interface de Programação de Aplicações'. É um conjunto de regras que permite que diferentes sistemas de software se comuniquem e troquem informações de forma padronizada."
"vocês criam a documentação do software?","Sim, a documentação técnica e a documentação de usuário são partes essenciais da entrega de qualquer projeto."
"o que eu preciso pra pedir um orçamento?","O ideal é ter uma ideia clara do que você precisa. Um pequeno documento descrevendo o problema que você quer resolver e as funcionalidades principais que imagina já é um ótimo ponto de partida."
"e se eu não souber os detalhes técnicos?","Não se preocupe. Nossa equipe de vendas é treinada para fazer as perguntas certas e te ajudar a transformar sua ideia de negócio em um escopo técnico inicial."
"qual o proximo passo depois do orçamento aprovado?","Após a aprovação e assinatura do contrato, agendamos a reunião de 'kick-off' para apresentar a equipe e iniciar oficialmente a fase de levantamento de requisitos."
"o que é kick-off?","'Kick-off' é um termo em inglês para 'pontapé inicial'. É a primeira reunião oficial do projeto, onde alinhamos as expectativas, as metas e os próximos passos com todos os envolvidos."
"vocês trabalham com empresas de fora do brasil?","Sim, já atendemos clientes na América Latina e na Europa. Nosso processo remoto nos permite trabalhar com qualquer fuso horário."
"o contrato é em real ou em dolar?","Para clientes no Brasil, o contrato é sempre em Reais (BRL). Para clientes internacionais, podemos faturar em Dólares (USD) ou Euros (EUR)."
"a empresa tem quantos anos?","A TechSolutions foi fundada há mais de 10 anos, consolidando uma vasta experiência no mercado de tecnologia."
"por que o nome techsolutions?","O nome reflete nossa missão: usar a 'Tecnologia' (Tech) para criar 'Soluções' (Solutions) eficazes para os desafios de negócio dos nossos clientes."
"tá, chega de perguntas. obrigado.","Entendido! Foi um prazer conversar. Se precisar de algo mais no futuro, estarei aqui para ajudar."